CREATE TABLE Artist (
    artistname VARCHAR(100) PRIMARY KEY
    );

CREATE TABLE Style(
    stlyename VARCHAR(100)  PRIMARY KEY
    );

CREATE TABLE Music(
    musicName VARCHAR(100) PRIMARY KEY,
    artistname VARCHAR(45) NOT NULL,
    lylics VARCHAR(20000) NOT NULL,
    albumName VARCHAR(45) NULL,
    songLenght TIME NOT NULL
    );

CREATE TABLE Album(
    albumCoverphoto VARCHAR(100) NOT NULL,
    albumName VARCHAR(100)  PRIMARY KEY,
    artistname VARCHAR(100) NULL,
    styleName VARCHAR(100) NULL,
    releaseYear DATE NOT NULL
    );

INSERT INTO Artist (artistname)
VALUES ('The Toys'),
        ('Three Man Down'),
        ('Luss');

INSERT INTO Style (stlyename)
VALUES ('Pop / Hip hop')
       ;

INSERT INTO Music (musicName,artistname,lylics,albumName,songLenght)
VALUES ('ลาลาลอย','The Toys','ฉันจะพาเธอลอย
ล่องไปในอวกาศที่มีแต่เธอมีแต่เธอแต่ไม่ต้องกลัว
ฉันจะพาเธอลอยล่องไปในอันตรายจะมีแต่เธอมีแต่เธอแต่ไม่ต้องกลัว

คิดถึงฉันวันละนิดคิดตอนเธอยังมีสิทธิ์ชิดวันละนิดก็พอ
I said, shit 100% rich ไม่ต้องคิดชีวิต lit เธอไม่ต้องนั่งรอ
I said, ต้องพยายามทักไลน์ พรรณามากมาย but u said bye bye
I said, dont be a lil kid just do it  a quiz
Im gonna let u fly

ความรักจะไม่ตกหลุม
ความรักทำให้หลงรัก
เหนื่อยไหมอยากให้เธอพัก
ก่อนและฉันจะพาเธอ fly

ฉันจะพาเธอลอย
ล่องไปในอวกาศที่มีแต่เธอมีแต่เธอแต่ไม่ต้องกลัว
ฉันจะพาเธอลอยล่องไปในอันตรายจะมีแต่เธอมีแต่เธอแต่ไม่ต้องกลัว

ตอนจบก็ไม่มีใครเขาบอกเธอแค่ในละครยังหลอกเลยแค่ไม่ได้คิดว่าก่อนเคยเป็นมายังไง
และพระเอกก็ไม่ได้พิเศษเสมอไปหรือแสนดีเลิศเลออย่างเข้าใจแบบที่คิดไว้ใดๆหรอก
I dont wanna take your time
สะดุดอีกแล้วหลงรักเธอจนละลาย
Oh baby girl i just wanna get u fly

ลาลาลาลอย ลาลาละลอย ลาลาลาลอย
ลาลาลาลอย ลาลาละลอย ลาลาลาลอย
ลาลาลาลอย ลาลาละลอย ลาลาลาลอย
ลาลาลาลอย ลาลาละลอย ลาลาลาลอย','ลาลาลอย','00:03:15'),


('พูดไม่ออก','The Toys','ฉันคงจะตกหลุมรัก เธออีก
I just wonder,บางที
แต่ว่าเธอน่ะใจร้าย แบบนี้
ฉันก็พูดไม่ออกแต่รู้ว่าไม่ค่อยดีหรอก
ตกหลุมรัก เธออีก
I just wonder,บางที
แต่ว่าเธอน่ะใจร้าย แบบนี้
ฉันก็พูดไม่ออกแต่รู้ว่าไม่ค่อยดีหรอก

ฉันไม่คิดในชีวิตจะมาหลงรัก
ไม่มีสิทธิ์คิดอะไรแบบนั้นหรอก
รู้ฉันรู้มันยากจะบอก เธอฉันไม่ควรเอาแต่ใจ ถ้าเธอคิดจะไป

แค่เธอยิ้ม มองลงมา ฉันก็เพ้อไปทุกทีทุกเวลา
เธอไม่เหมือนใครแต่ฉันคนธรรมดาแต่ถ้าจะเก็บเธอไว้ใครก็คงจะเวทนา','พูดไม่ออก','00:03:29'),


('ท้าเล','The Toys','อยากจะวิ่งหนีไปในทะเล แบบไม่ต้องมีเธอในสักวัน
แค่อยากจะวิ่งหนีไปในทะเล แบบไม่ต้องมีเธอในสักวัน

Get something eat อยู่นะ darlin
I don’t know what I’m here for ในตอนนี้
So, what did you say?
What did you say?
What did you say?

เธอบอกว่าฉันชอบนะฉันชอบเกเร
ทั้งๆที่ฉันนั้นไม่เคยจะเสเพล
เรื่องนี้ฉันTake, imma say you don’t say
I never เกเร ขนาดเดินยังเดินเซ

คิดถึงที่นอน คิดถึงพี่บอล คิดถึงลูกเกดแต่ไม่คิดถึงYou(x2)

อยากจะวิ่งหนีไปในทะเล แบบไม่ต้องมีเธอในสักวัน
แค่อยากจะวิ่งหนีไปในทะเล แบบไม่ต้องมีเธอในสักวัน

La La La La Oh
La La La La La La La La La La La(x2)

Trippin like shit, in the deepness of it
ใช้มาแล้วทั้งชีวิต Ain’t got nobody feel me
อยู่ในทะเลแอบไปกินไอศกรีมติดเกาะแบบCast away แล้วก็จบลงด้วยlean

ฉันคงไม่ได้มีเวลานอนให้เธอหมดแล้วตั้งวันจันทร์ถึงวันศุกร์ แทบไม่มีหยุด ชีวิตนี้คงไม่ได้เป็นสุขดี

La La La La Oh
La La La La La La La La La La La(x4)','ท้าเล','00:03:33'),


('ฝนตกไหม','ฺThree Man Down','ฝนตกอีกแล้ว คืนนี้คงหนาวกว่าคืนไหนไหน
ตัวฉันก็ใช้ชีวิตไป แค่ผ่านผ่านไป เท่านั้น เท่านั้น

ก็คิดถึงเธอ อยากรู้ว่าเธอน่ะเป็นเช่นไร
ตัวฉันก็เลยกดเบอร์โทรไป แบบไม่ตั้งใจ เท่านั้น เท่านั้น

แค่อยากจะรู้ว่าตรงที่เธอยืนนั้น มีฝนตกไหม สบายดีไหม
เธอกลัวฟ้าร้องหรือเปล่า
ถ้าหากตรงนั้นไม่มีใคร ฉันพร้อม ฉันพร้อมจะไป
ในคืนที่ฝนโปรยลงมา

อากาศชื้นนะคืนนี้ ระวังหนาวนะแบบนี้
ก่อนเข้านอนเป่าผมให้ดี ฉันกลัวเธอจะไม่สบาย
ที่โทรมาหาเธอ กดมาแบบไม่ได้ตั้งใจ
ไม่ได้คิดอะไร แค่กลัวเธอไม่สบาย (เท่านั้น เท่านั้น)

แค่อยากจะรู้ว่าตรงที่เธอยืนนั้น มีฝนตกไหมสบายดีไหม
เธอกลัวฟ้าร้องหรือเปล่า
ถ้าหากตรงนั้นไม่มีใคร ฉันพร้อม ฉันพร้อมจะไป

แต่ฉันก็รู้ดีว่าข้างข้างเธอนั้น
มีเขาใช่ไหม และคนคนนั้น ดูแลเธอดีหรือเปล่า
ถ้าเธอยิ้มฉันก็ดีใจ แค่ตรงนี้ฉันไม่มีใคร
ในคืนที่ฝนโปรยลงมา','ฝนตกไหม','00:03:01'),


('247','Luss','แสงไฟบนถนนเรียงราย
ผู้คนรอบๆ ตัวมากมาย
ทุกวัน เหมือนเดิม
ก็เป็นอย่างนี้แล้ววนไป

ไม่ว่าเธอจะมองไปทางใด
ก็ไม่มีเลยคนที่เข้าใจ
ขอเพียง สักคน
ที่จะมาเติมความหมาย

เธอเคยรู้สึกเหงา แบบเดียวกับฉันบ้างไหม
เคยรู้สึกไหม If you ever feel that way
ไม่ต้องไปมองที่ไหนไกล ให้ฉันเป็นที่พักใจ
อยู่ตรงนี้ ไม่ไปไหน You know what to do

ถ้าเธอเหงาเมื่อไร ก็แค่แวะมา
Twentyfour seven เปิดทุกวัน I got ya
ไม่ว่าเหงาเท่าไร ตื่นตอนเช้าแค่โทรมา
ฉันจะรอตรงนี้ไม่ว่าจะวันไหน

Let me love you
Let me love you
Let me love you
Let me love you baby
Twentyfour seven yeah

เธออยากทำอะไรให้ฉันทำด้วยไหม
เธออยากกินอะไรฉันจะ Serve serve ให้
อยากนอนดู Netflix กิน Takoyaki
สั่งเลย Sasimi kimchi Ikuyo

วันจันทร์ถึงวันจันทร์
จนเที่ยงคืนของอีกวัน
จะมีเธอและมีฉันยันสว่าง

ไม่ต้องเรียกว่าที่รัก
แค่อยากให้เธอหยุดพัก
อยู่กับฉันไม่ต้องคิดให้มันมาก

ไม่ได้ใส่ Rolex แต่มีเวลาให้เธอ
ไม่ได้มี All member
แต่อยากกดเบอร์ให้เลย
โทรหาฉันได้ทุกวันและเวลา
24 Hours แค่เธอ Ring ring มา

เธอเคยรู้สึกเหงา แบบเดียวกับฉันบ้างไหม
เคยรู้สึกไหม If you ever feel that way
ไม่ต้องไปมองที่ไหนไกล ให้ฉันเป็นที่พักใจ
อยู่ตรงนี้ ไม่ไปไหน You know what to do

ถ้าเธอเหงาเมื่อไร ก็แค่แวะมา
Twentyfour seven เปิดทุกวัน I got ya
ไม่ว่าเหงาเท่าไร ตื่นตอนเช้าแค่โทรมา
ฉันจะรอตรงนี้ไม่ว่าจะวันไหน

Let me love you
Let me love you
Let me love you
Let me love you baby
Twentyfour seven yeah ','Luss','00:03:16');




INSERT INTO Album (albumCoverphoto,albumName,artistname,styleName,releaseYear)
VALUES ('The Toys','Sun','The Toys','Pop / Hip hop','2018'),
        ('The Toys','Sun','The Toys','Pop / Hip hop','2020'),
        ('The Toys','Sun','The Toys','Pop / Hip hop','2019'),
        ('Three Man Down','New Single','Three Man Down',' Pop ','2019'),
        ('247','247','Luss','Pop / Hip hop','2020');



